50, 0.4, 0.19, 1236, 6875, 8621.89
50, 0.4, 0.19, 1240, 7425, 8623.41
50, 0.4, 0.19, 1246, 9750, 8621.89
50, 0.4, 0.19, 1254, 5675, 8626.74
50, 0.4, 0.19, 1264, 6800, 8621.89
50, 0.4, 0.19, 1276, 7650, 8621.89
50, 0.4, 0.19, 1290, 9800, 8621.89
50, 0.4, 0.19, 1306, 7575, 8621.89
50, 0.4, 0.19, 1324, 8500, 8621.89
50, 0.4, 0.19, 1344, 7575, 8621.89
50, 0.4, 0.19, 1366, 7850, 8621.89
50, 0.4, 0.19, 1390, 6475, 8621.89
50, 0.4, 0.19, 1416, 8250, 8621.89
50, 0.4, 0.19, 1444, 9475, 8621.89
50, 0.4, 0.19, 1474, 7675, 8621.89
50, 0.4, 0.19, 1506, 5950, 8621.89
50, 0.4, 0.19, 1540, 6000, 8621.89
50, 0.4, 0.19, 1576, 6625, 8621.89
50, 0.4, 0.19, 1614, 7950, 8621.89
50, 0.4, 0.19, 1654, 8300, 8621.89
50, 0.4, 0.19, 1696, 5975, 8625.92
50, 0.4, 0.19, 1740, 9025, 8621.89
50, 0.4, 0.19, 1786, 5825, 8623
50, 0.4, 0.19, 1834, 7575, 8621.89
50, 0.4, 0.19, 1884, 5475, 8621.89
50, 0.4, 0.19, 1936, 5425, 8621.89
50, 0.4, 0.19, 1990, 6500, 8621.89
50, 0.4, 0.19, 2046, 5800, 8625.92
50, 0.4, 0.19, 2104, 6700, 8621.89
50, 0.4, 0.19, 2164, 9600, 8621.89
50, 0.4, 0.19, 2226, 5300, 8621.89
50, 0.4, 0.19, 2290, 6900, 8621.89
50, 0.4, 0.19, 2356, 8275, 8621.89
50, 0.4, 0.19, 2424, 7875, 8621.89
50, 0.4, 0.19, 2494, 7325, 8621.89
50, 0.4, 0.19, 2566, 10075, 8621.89
50, 0.4, 0.19, 2640, 6900, 8621.89
50, 0.4, 0.19, 2716, 8000, 8621.89
50, 0.4, 0.19, 2794, 7250, 8624.3
50, 0.4, 0.19, 2874, 5975, 8628
50, 0.4, 0.19, 2956, 5525, 8623.41
50, 0.4, 0.19, 3040, 6950, 8623.41
50, 0.4, 0.19, 3126, 6500, 8625.29
50, 0.4, 0.19, 3214, 8150, 8621.89
50, 0.4, 0.19, 3304, 8600, 8621.89
50, 0.4, 0.19, 3396, 6800, 8623.27
50, 0.4, 0.19, 3490, 8150, 8621.89
50, 0.4, 0.19, 3586, 9350, 8624.3
50, 0.4, 0.19, 3684, 8550, 8621.89
50, 0.4, 0.19, 3784, 8400, 8621.89
50, 0.4, 0.19, 3886, 4725, 8626
50, 0.4, 0.19, 3990, 6150, 8621.89
50, 0.4, 0.19, 4096, 10075, 8621.89
50, 0.4, 0.19, 4204, 5900, 8621.89
50, 0.4, 0.19, 4314, 8625, 8621.89
50, 0.4, 0.19, 4426, 7575, 8621.89
50, 0.4, 0.19, 4540, 5450, 8635.53
50, 0.4, 0.19, 4656, 7350, 8621.89
50, 0.4, 0.19, 4774, 7600, 8621.89
50, 0.4, 0.19, 4894, 6550, 8623.41
50, 0.4, 0.19, 5016, 8775, 8621.89
50, 0.4, 0.19, 5140, 8325, 8621.89
50, 0.4, 0.19, 5266, 9225, 8621.89
50, 0.4, 0.19, 5394, 5825, 8621.89
50, 0.4, 0.19, 5524, 7950, 8621.89
50, 0.4, 0.19, 5656, 7600, 8621.89
50, 0.4, 0.19, 5790, 7825, 8621.89
50, 0.4, 0.19, 5926, 8350, 8621.89
50, 0.4, 0.19, 6064, 4600, 8644.3
50, 0.4, 0.19, 6204, 6600, 8623.41
50, 0.4, 0.19, 6346, 6725, 8621.89
50, 0.4, 0.19, 6490, 7250, 8621.89
50, 0.4, 0.19, 6636, 6800, 8621.89
50, 0.4, 0.19, 6784, 6550, 8621.89
50, 0.4, 0.19, 6934, 6525, 8621.89
50, 0.4, 0.19, 7086, 6700, 8621.89
50, 0.4, 0.19, 7240, 9350, 8621.89
50, 0.4, 0.19, 7396, 7275, 8621.89
50, 0.4, 0.19, 7554, 6775, 8624.3
50, 0.4, 0.19, 7714, 5875, 8625
50, 0.4, 0.19, 7876, 6500, 8623.41
50, 0.4, 0.19, 8040, 6075, 8621.89
50, 0.4, 0.19, 8206, 7175, 8621.89
50, 0.4, 0.19, 8374, 5575, 8621.89
50, 0.4, 0.19, 8544, 6475, 8621.89
50, 0.4, 0.19, 8716, 7925, 8621.89
50, 0.4, 0.19, 8890, 5600, 8623.41
50, 0.4, 0.19, 9066, 8550, 8621.89
50, 0.4, 0.19, 9244, 8225, 8621.89
50, 0.4, 0.19, 9424, 7925, 8621.89
50, 0.4, 0.19, 9606, 7200, 8621.89
50, 0.4, 0.19, 9790, 7350, 8621.89
50, 0.4, 0.19, 9976, 6475, 8621.89
50, 0.4, 0.19, 10164, 7250, 8621.89
50, 0.4, 0.19, 10354, 5900, 8621.89
50, 0.4, 0.19, 10546, 7075, 8621.89
50, 0.4, 0.19, 10740, 10375, 8621.89
50, 0.4, 0.19, 10936, 10375, 8621.89
50, 0.4, 0.19, 11134, 9800, 8621.89
50, 0.4, 0.19, 11334, 7675, 8621.89
50, 0.4, 0.19, 11536, 9925, 8621.89
50, 0.4, 0.19, 11740, 7600, 8621.89
50, 0.4, 0.19, 11946, 5525, 8623.41
50, 0.4, 0.19, 12154, 6925, 8621.89
50, 0.4, 0.19, 12364, 6625, 8621.89
50, 0.4, 0.19, 12576, 7725, 8623.41
50, 0.4, 0.19, 12790, 6300, 8623.41
50, 0.4, 0.19, 13006, 6350, 8625.12
50, 0.4, 0.19, 13224, 7975, 8621.89
50, 0.4, 0.19, 13444, 7675, 8621.89
50, 0.4, 0.19, 13666, 8375, 8621.89
50, 0.4, 0.19, 13890, 8075, 8621.89
50, 0.4, 0.19, 14116, 9900, 8621.89
50, 0.4, 0.19, 14344, 9050, 8621.89
50, 0.4, 0.19, 14574, 5750, 8621.89
50, 0.4, 0.19, 14806, 7650, 8621.89
50, 0.4, 0.19, 15040, 5500, 8621.89
50, 0.4, 0.19, 15276, 8075, 8621.89
50, 0.4, 0.19, 15514, 8600, 8621.89
50, 0.4, 0.19, 15754, 7250, 8621.89
50, 0.4, 0.19, 15996, 9125, 8621.89
50, 0.4, 0.19, 16240, 5775, 8621.89
50, 0.4, 0.19, 16486, 6800, 8621.89
50, 0.4, 0.19, 16734, 6150, 8621.89
50, 0.4, 0.19, 16984, 7575, 8621.89
50, 0.4, 0.19, 17236, 7600, 8621.89
50, 0.4, 0.19, 17490, 7375, 8621.89
50, 0.4, 0.19, 17746, 6200, 8621.89
50, 0.4, 0.19, 18004, 7825, 8621.89
50, 0.4, 0.19, 18264, 6100, 8625.92
50, 0.4, 0.19, 18526, 7850, 8621.89
50, 0.4, 0.19, 18790, 8050, 8621.89
50, 0.4, 0.19, 19056, 6775, 8621.89
50, 0.4, 0.19, 19324, 8675, 8621.89
50, 0.4, 0.19, 19594, 7650, 8621.89
50, 0.4, 0.19, 19866, 8500, 8621.89
50, 0.4, 0.19, 20140, 7350, 8621.89
50, 0.4, 0.19, 20416, 6275, 8621.89
50, 0.4, 0.19, 20694, 5800, 8621.89
50, 0.4, 0.19, 20974, 6625, 8621.89
50, 0.4, 0.19, 21256, 6650, 8621.89
50, 0.4, 0.19, 21540, 7250, 8621.89
50, 0.4, 0.19, 21826, 7100, 8621.89
50, 0.4, 0.19, 22114, 9700, 8621.89
50, 0.4, 0.19, 22404, 7750, 8621.89
50, 0.4, 0.19, 22696, 6475, 8621.89
50, 0.4, 0.19, 22990, 7850, 8621.89
50, 0.4, 0.19, 23286, 6925, 8621.89
50, 0.4, 0.19, 23584, 6775, 8624.37
50, 0.4, 0.19, 23884, 6275, 8623
50, 0.4, 0.19, 24186, 6675, 8623
50, 0.4, 0.19, 24490, 5950, 8621.89
50, 0.4, 0.19, 24796, 9600, 8621.89
50, 0.4, 0.19, 25104, 6150, 8621.89
50, 0.4, 0.19, 25414, 6500, 8621.89
50, 0.4, 0.19, 25726, 6825, 8621.89
50, 0.4, 0.19, 26040, 9200, 8621.89
50, 0.4, 0.19, 26356, 5900, 8621.89
50, 0.4, 0.19, 26674, 6425, 8623.41
50, 0.4, 0.19, 26994, 8025, 8621.89
50, 0.4, 0.19, 27316, 7025, 8621.89
50, 0.4, 0.19, 27640, 7350, 8621.89
50, 0.4, 0.19, 27966, 7725, 8621.89
50, 0.4, 0.19, 28294, 8550, 8621.89
50, 0.4, 0.19, 28624, 6500, 8621.89
50, 0.4, 0.19, 28956, 7900, 8621.89
50, 0.4, 0.19, 29290, 6000, 8621.89
50, 0.4, 0.19, 29626, 8300, 8621.89
50, 0.4, 0.19, 29964, 5725, 8621.89
50, 0.4, 0.19, 30304, 8975, 8621.89
50, 0.4, 0.19, 30646, 7050, 8621.89
50, 0.4, 0.19, 30990, 7050, 8621.89
50, 0.4, 0.19, 31336, 6775, 8623.41
50, 0.4, 0.19, 31684, 9625, 8621.89
50, 0.4, 0.19, 32034, 6625, 8621.89
50, 0.4, 0.19, 32386, 6400, 8621.89
50, 0.4, 0.19, 32740, 5850, 8621.89
50, 0.4, 0.19, 33096, 4675, 8626.61
50, 0.4, 0.19, 33454, 9600, 8621.89
50, 0.4, 0.19, 33814, 8200, 8621.89
50, 0.4, 0.19, 34176, 6475, 8621.89
50, 0.4, 0.19, 34540, 5325, 8621.89
50, 0.4, 0.19, 34906, 8500, 8621.89
50, 0.4, 0.19, 35274, 7200, 8621.89
50, 0.4, 0.19, 35644, 7300, 8621.89
50, 0.4, 0.19, 36016, 5950, 8632.1
50, 0.4, 0.19, 36390, 7575, 8621.89
50, 0.4, 0.19, 36766, 7575, 8621.89
50, 0.4, 0.19, 37144, 8000, 8621.89
50, 0.4, 0.19, 37524, 9500, 8621.89
50, 0.4, 0.19, 37906, 9500, 8621.89
50, 0.4, 0.19, 38290, 7825, 8621.89
50, 0.4, 0.19, 38676, 7550, 8621.89
50, 0.4, 0.19, 39064, 6350, 8621.89
50, 0.4, 0.19, 39454, 7650, 8621.89
50, 0.4, 0.19, 39846, 6100, 8621.89
50, 0.4, 0.19, 40240, 6200, 8621.89
50, 0.4, 0.19, 40636, 8400, 8621.89
50, 0.4, 0.19, 41034, 12600, 8621.89
50, 0.4, 0.19, 41434, 6150, 8623.27
50, 0.4, 0.19, 41836, 5650, 8623.41
50, 0.4, 0.19, 42240, 5225, 8621.89
50, 0.4, 0.19, 42646, 10600, 8621.89
50, 0.4, 0.19, 43054, 5900, 8621.89
50, 0.4, 0.19, 43464, 6400, 8621.89
50, 0.4, 0.19, 43876, 6725, 8623
50, 0.4, 0.19, 44290, 6725, 8621.89
50, 0.4, 0.19, 44706, 4925, 8623.41
50, 0.4, 0.19, 45124, 4875, 8626
50, 0.4, 0.19, 45544, 9650, 8621.89
50, 0.4, 0.19, 45966, 6625, 8621.89
50, 0.4, 0.19, 46390, 8825, 8621.89
50, 0.4, 0.19, 46816, 8150, 8621.89
50, 0.4, 0.19, 47244, 5925, 8628.37
50, 0.4, 0.19, 47674, 7100, 8621.89
50, 0.4, 0.19, 48106, 5875, 8623.27
50, 0.4, 0.19, 48540, 6850, 8621.89
50, 0.4, 0.19, 48976, 6600, 8621.89
50, 0.4, 0.19, 49414, 8700, 8621.89
50, 0.4, 0.19, 49854, 7475, 8621.89
50, 0.4, 0.19, 50296, 7175, 8621.89
50, 0.4, 0.19, 50740, 4825, 8621.89
50, 0.4, 0.19, 51186, 6425, 8628
50, 0.4, 0.19, 51634, 9850, 8621.89
50, 0.4, 0.19, 52084, 6375, 8621.89
50, 0.4, 0.19, 52536, 7025, 8621.89
50, 0.4, 0.19, 52990, 6725, 8621.89
50, 0.4, 0.19, 53446, 8750, 8621.89
50, 0.4, 0.19, 53904, 6050, 8621.89
50, 0.4, 0.19, 54364, 9575, 8621.89
50, 0.4, 0.19, 54826, 7025, 8621.89
50, 0.4, 0.19, 55290, 9475, 8621.89
50, 0.4, 0.19, 55756, 7925, 8621.89
50, 0.4, 0.19, 56224, 6900, 8621.89
50, 0.4, 0.19, 56694, 10625, 8621.89
50, 0.4, 0.19, 57166, 6750, 8621.89
50, 0.4, 0.19, 57640, 6850, 8621.89
50, 0.4, 0.19, 58116, 7275, 8621.89
50, 0.4, 0.19, 58594, 8000, 8621.89
50, 0.4, 0.19, 59074, 6175, 8621.89
50, 0.4, 0.19, 59556, 5800, 8623
50, 0.4, 0.19, 60040, 8775, 8621.89
50, 0.4, 0.19, 60526, 7175, 8621.89
50, 0.4, 0.19, 61014, 7150, 8621.89
50, 0.4, 0.19, 61504, 9000, 8621.89
50, 0.4, 0.19, 61996, 8075, 8621.89
50, 0.4, 0.19, 62490, 6375, 8623
50, 0.4, 0.19, 62986, 6125, 8621.89
50, 0.4, 0.19, 63484, 7025, 8621.89
50, 0.4, 0.19, 63984, 7100, 8621.89
50, 0.4, 0.19, 64486, 6775, 8621.89
50, 0.4, 0.19, 64990, 5925, 8623
50, 0.4, 0.19, 65496, 11075, 8621.89
50, 0.4, 0.19, 66004, 9525, 8621.89
50, 0.4, 0.19, 66514, 7075, 8621.89
50, 0.4, 0.19, 67026, 7300, 8621.89
50, 0.4, 0.19, 67540, 8500, 8621.89
50, 0.4, 0.19, 68056, 7075, 8621.89
50, 0.4, 0.19, 68574, 8450, 8621.89
50, 0.4, 0.19, 69094, 8350, 8621.89
50, 0.4, 0.19, 69616, 8200, 8621.89
50, 0.4, 0.19, 70140, 5725, 8621.89
50, 0.4, 0.19, 70666, 6400, 8621.89
50, 0.4, 0.19, 71194, 6700, 8621.89
50, 0.4, 0.19, 71724, 5950, 8623.27
50, 0.4, 0.19, 72256, 6825, 8621.89
50, 0.4, 0.19, 72790, 6825, 8623.27
50, 0.4, 0.19, 73326, 5600, 8621.89
50, 0.4, 0.19, 73864, 7875, 8621.89
50, 0.4, 0.19, 74404, 7325, 8621.89
50, 0.4, 0.19, 74946, 7550, 8621.89
50, 0.4, 0.19, 75490, 6375, 8621.89
50, 0.4, 0.19, 76036, 5400, 8621.89
50, 0.4, 0.19, 76584, 6800, 8621.89
50, 0.4, 0.19, 77134, 6175, 8621.89
50, 0.4, 0.19, 77686, 6025, 8621.89
50, 0.4, 0.19, 78240, 8700, 8625.92
50, 0.4, 0.19, 78796, 7425, 8621.89
50, 0.4, 0.19, 79354, 5750, 8625.92
50, 0.4, 0.19, 79914, 7475, 8621.89
50, 0.4, 0.19, 80476, 5650, 8621.89
50, 0.4, 0.19, 81040, 7750, 8621.89
50, 0.4, 0.19, 81606, 6325, 8621.89
50, 0.4, 0.19, 82174, 4475, 8625.29
50, 0.4, 0.19, 82744, 9625, 8621.89
50, 0.4, 0.19, 83316, 7925, 8621.89
50, 0.4, 0.19, 83890, 5050, 8621.89
50, 0.4, 0.19, 84466, 9150, 8621.89
50, 0.4, 0.19, 85044, 8500, 8621.89
50, 0.4, 0.19, 85624, 6475, 8621.89
50, 0.4, 0.19, 86206, 10400, 8621.89
50, 0.4, 0.19, 86790, 7800, 8621.89
50, 0.4, 0.19, 87376, 5675, 8621.89
50, 0.4, 0.19, 87964, 9450, 8621.89
50, 0.4, 0.19, 88554, 8475, 8621.89
50, 0.4, 0.19, 89146, 7675, 8621.89
50, 0.4, 0.19, 89740, 7925, 8621.89
50, 0.4, 0.19, 90336, 8325, 8621.89
50, 0.4, 0.19, 90934, 6950, 8621.89
50, 0.4, 0.19, 91534, 7700, 8621.89
50, 0.4, 0.19, 92136, 5825, 8623.27
50, 0.4, 0.19, 92740, 8475, 8621.89
50, 0.4, 0.19, 93346, 7250, 8621.89
50, 0.4, 0.19, 93954, 7775, 8621.89
50, 0.4, 0.19, 94564, 6500, 8623.41
50, 0.4, 0.19, 95176, 9225, 8621.89
50, 0.4, 0.19, 95790, 8125, 8621.89
50, 0.4, 0.19, 96406, 6125, 8628
50, 0.4, 0.19, 97024, 7475, 8621.89
50, 0.4, 0.19, 97644, 5225, 8624.3
50, 0.4, 0.19, 98266, 7025, 8621.89
50, 0.4, 0.19, 98890, 6925, 8621.89
50, 0.4, 0.19, 99516, 9650, 8621.89
50, 0.4, 0.19, 100144, 7475, 8621.89
50, 0.4, 0.19, 100774, 5775, 8621.89
50, 0.4, 0.19, 101406, 7675, 8621.89
50, 0.4, 0.19, 102040, 6625, 8621.89
50, 0.4, 0.19, 102676, 9700, 8621.89
50, 0.4, 0.19, 103314, 9275, 8621.89
50, 0.4, 0.19, 103954, 6275, 8621.89
50, 0.4, 0.19, 104596, 5425, 8621.89
50, 0.4, 0.19, 105240, 6675, 8626
50, 0.4, 0.19, 105886, 8250, 8621.89
50, 0.4, 0.19, 106534, 8075, 8621.89
50, 0.4, 0.19, 107184, 9350, 8621.89
50, 0.4, 0.19, 107836, 7400, 8621.89
50, 0.4, 0.19, 108490, 6850, 8623
50, 0.4, 0.19, 109146, 8075, 8621.89
50, 0.4, 0.19, 109804, 8100, 8621.89
50, 0.4, 0.19, 110464, 6825, 8621.89
50, 0.4, 0.19, 111126, 7250, 8621.89
50, 0.4, 0.19, 111790, 7000, 8621.89
50, 0.4, 0.19, 112456, 7100, 8623.41
50, 0.4, 0.19, 113124, 8150, 8621.89
50, 0.4, 0.19, 113794, 10375, 8621.89
50, 0.4, 0.19, 114466, 5750, 8621.89
50, 0.4, 0.19, 115140, 6500, 8621.89
50, 0.4, 0.19, 115816, 5675, 8623.41
50, 0.4, 0.19, 116494, 6300, 8621.89
50, 0.4, 0.19, 117174, 7700, 8621.89
50, 0.4, 0.19, 117856, 9575, 8621.89
50, 0.4, 0.19, 118540, 5800, 8621.89
50, 0.4, 0.19, 119226, 5225, 8621.89
50, 0.4, 0.19, 119914, 4850, 8623.41
50, 0.4, 0.19, 120604, 7500, 8621.89
50, 0.4, 0.19, 121296, 9300, 8621.89
50, 0.4, 0.19, 121990, 7900, 8623.27
50, 0.4, 0.19, 122686, 8200, 8621.89
50, 0.4, 0.19, 123384, 8975, 8621.89
50, 0.4, 0.19, 124084, 4675, 8623
50, 0.4, 0.19, 124786, 8150, 8621.89
50, 0.4, 0.19, 125490, 6825, 8621.89
50, 0.4, 0.19, 126196, 6900, 8621.89
50, 0.4, 0.19, 126904, 7300, 8621.89
50, 0.4, 0.19, 127614, 5200, 8621.89
50, 0.4, 0.19, 128326, 7650, 8621.89
50, 0.4, 0.19, 129040, 8050, 8621.89
50, 0.4, 0.19, 129756, 6925, 8621.89
50, 0.4, 0.19, 130474, 8650, 8621.89
50, 0.4, 0.19, 131194, 6025, 8621.89
50, 0.4, 0.19, 131916, 6175, 8621.89
50, 0.4, 0.19, 132640, 8200, 8621.89
50, 0.4, 0.19, 133366, 5475, 8621.89
50, 0.4, 0.19, 134094, 6675, 8623.41
50, 0.4, 0.19, 134824, 8100, 8621.89
50, 0.4, 0.19, 135556, 5750, 8625.92
50, 0.4, 0.19, 136290, 10075, 8621.89
50, 0.4, 0.19, 137026, 8100, 8621.89
50, 0.4, 0.19, 137764, 7475, 8621.89
50, 0.4, 0.19, 138504, 5000, 8623.27
50, 0.4, 0.19, 139246, 6625, 8628.33
50, 0.4, 0.19, 139990, 7875, 8621.89
50, 0.4, 0.19, 140736, 4875, 8623
50, 0.4, 0.19, 141484, 8925, 8621.89
50, 0.4, 0.19, 142234, 9300, 8621.89
50, 0.4, 0.19, 142986, 7175, 8621.89
50, 0.4, 0.19, 143740, 9675, 8621.89
50, 0.4, 0.19, 144496, 6325, 8623.41
50, 0.4, 0.19, 145254, 8225, 8621.89
50, 0.4, 0.19, 146014, 6200, 8621.89
50, 0.4, 0.19, 146776, 6875, 8621.89
50, 0.4, 0.19, 147540, 8025, 8621.89
50, 0.4, 0.19, 148306, 7500, 8623.27
50, 0.4, 0.19, 149074, 6950, 8621.89
50, 0.4, 0.19, 149844, 9150, 8621.89
50, 0.4, 0.19, 150616, 6350, 8621.89
50, 0.4, 0.19, 151390, 8400, 8621.89
50, 0.4, 0.19, 152166, 7650, 8621.89
50, 0.4, 0.19, 152944, 6575, 8621.89
50, 0.4, 0.19, 153724, 6025, 8621.89
50, 0.4, 0.19, 154506, 7850, 8621.89
50, 0.4, 0.19, 155290, 7025, 8621.89
50, 0.4, 0.19, 156076, 6050, 8621.89
50, 0.4, 0.19, 156864, 6425, 8621.89
50, 0.4, 0.19, 157654, 7900, 8621.89
50, 0.4, 0.19, 158446, 6275, 8623
50, 0.4, 0.19, 159240, 7800, 8621.89
50, 0.4, 0.19, 160036, 10875, 8621.89
50, 0.4, 0.19, 160834, 5850, 8625.92
50, 0.4, 0.19, 161634, 7450, 8621.89
50, 0.4, 0.19, 162436, 5225, 8621.89
50, 0.4, 0.19, 163240, 6725, 8621.89
50, 0.4, 0.19, 164046, 8175, 8621.89
50, 0.4, 0.19, 164854, 8075, 8621.89
50, 0.4, 0.19, 165664, 7025, 8621.89
50, 0.4, 0.19, 166476, 8600, 8621.89
50, 0.4, 0.19, 167290, 6650, 8621.89
50, 0.4, 0.19, 168106, 7675, 8621.89
50, 0.4, 0.19, 168924, 8875, 8625
50, 0.4, 0.19, 169744, 7375, 8621.89
50, 0.4, 0.19, 170566, 9175, 8621.89
50, 0.4, 0.19, 171390, 6975, 8621.89
50, 0.4, 0.19, 172216, 8150, 8621.89
50, 0.4, 0.19, 173044, 7300, 8621.89
50, 0.4, 0.19, 173874, 7775, 8621.89
50, 0.4, 0.19, 174706, 7200, 8621.89
50, 0.4, 0.19, 175540, 7500, 8621.89
50, 0.4, 0.19, 176376, 7475, 8621.89
50, 0.4, 0.19, 177214, 9925, 8621.89
50, 0.4, 0.19, 178054, 7275, 8621.89
50, 0.4, 0.19, 178896, 9975, 8621.89
50, 0.4, 0.19, 179740, 6400, 8621.89
50, 0.4, 0.19, 180586, 9750, 8621.89
50, 0.4, 0.19, 181434, 5500, 8623.27
50, 0.4, 0.19, 182284, 10150, 8621.89
50, 0.4, 0.19, 183136, 8325, 8621.89
50, 0.4, 0.19, 183990, 8375, 8621.89
50, 0.4, 0.19, 184846, 6775, 8621.89
50, 0.4, 0.19, 185704, 6050, 8621.89
50, 0.4, 0.19, 186564, 7300, 8621.89
50, 0.4, 0.19, 187426, 9100, 8621.89
50, 0.4, 0.19, 188290, 9375, 8625
50, 0.4, 0.19, 189156, 9425, 8621.89
50, 0.4, 0.19, 190024, 6925, 8621.89
50, 0.4, 0.19, 190894, 7550, 8623.27
50, 0.4, 0.19, 191766, 6125, 8621.89
50, 0.4, 0.19, 192640, 9425, 8621.89
50, 0.4, 0.19, 193516, 5675, 8621.89
50, 0.4, 0.19, 194394, 5925, 8625.12
50, 0.4, 0.19, 195274, 6950, 8621.89
50, 0.4, 0.19, 196156, 7225, 8621.89
50, 0.4, 0.19, 197040, 5300, 8621.89
50, 0.4, 0.19, 197926, 5075, 8623.41
50, 0.4, 0.19, 198814, 8500, 8625.12
50, 0.4, 0.19, 199704, 9550, 8621.89
50, 0.4, 0.19, 200596, 6850, 8621.89
50, 0.4, 0.19, 201490, 8225, 8621.89
50, 0.4, 0.19, 202386, 7875, 8621.89
50, 0.4, 0.19, 203284, 6950, 8621.89
50, 0.4, 0.19, 204184, 10200, 8621.89
50, 0.4, 0.19, 205086, 10100, 8621.89
50, 0.4, 0.19, 205990, 6450, 8621.89
50, 0.4, 0.19, 206896, 8975, 8621.89
50, 0.4, 0.19, 207804, 6775, 8621.89
50, 0.4, 0.19, 208714, 6900, 8621.89
50, 0.4, 0.19, 209626, 7725, 8621.89
50, 0.4, 0.19, 210540, 6750, 8621.89
50, 0.4, 0.19, 211456, 7550, 8621.89
50, 0.4, 0.19, 212374, 6200, 8621.89
50, 0.4, 0.19, 213294, 10225, 8621.89
50, 0.4, 0.19, 214216, 6750, 8621.89
50, 0.4, 0.19, 215140, 8100, 8621.89
50, 0.4, 0.19, 216066, 6850, 8621.89
50, 0.4, 0.19, 216994, 6800, 8625.92
50, 0.4, 0.19, 217924, 7875, 8621.89
50, 0.4, 0.19, 218856, 7325, 8625
50, 0.4, 0.19, 219790, 10450, 8621.89
50, 0.4, 0.19, 220726, 7725, 8621.89
50, 0.4, 0.19, 221664, 5250, 8625.29
50, 0.4, 0.19, 222604, 6625, 8621.89
50, 0.4, 0.19, 223546, 6150, 8621.89
50, 0.4, 0.19, 224490, 6825, 8621.89
50, 0.4, 0.19, 225436, 8775, 8621.89
50, 0.4, 0.19, 226384, 7050, 8621.89
50, 0.4, 0.19, 227334, 6750, 8634.54
50, 0.4, 0.19, 228286, 7575, 8621.89
50, 0.4, 0.19, 229240, 5900, 8621.89
50, 0.4, 0.19, 230196, 7725, 8621.89
50, 0.4, 0.19, 231154, 7025, 8621.89
50, 0.4, 0.19, 232114, 9725, 8621.89
50, 0.4, 0.19, 233076, 5200, 8626.61
50, 0.4, 0.19, 234040, 5450, 8621.89
50, 0.4, 0.19, 235006, 6525, 8621.89
50, 0.4, 0.19, 235974, 8175, 8621.89
50, 0.4, 0.19, 236944, 5750, 8623
50, 0.4, 0.19, 237916, 8950, 8621.89
50, 0.4, 0.19, 238890, 7400, 8621.89
50, 0.4, 0.19, 239866, 6900, 8621.89
50, 0.4, 0.19, 240844, 5975, 8621.89
50, 0.4, 0.19, 241824, 7350, 8621.89
50, 0.4, 0.19, 242806, 8825, 8621.89
50, 0.4, 0.19, 243790, 6850, 8621.89
50, 0.4, 0.19, 244776, 9475, 8621.89
50, 0.4, 0.19, 245764, 7825, 8621.89
50, 0.4, 0.19, 246754, 7050, 8621.89
50, 0.4, 0.19, 247746, 6225, 8621.89
50, 0.4, 0.19, 248740, 5750, 8621.89
50, 0.4, 0.19, 249736, 6875, 8621.89
50, 0.4, 0.19, 250734, 6975, 8621.89
50, 0.4, 0.19, 251734, 6050, 8621.89
50, 0.4, 0.19, 252736, 7075, 8621.89
50, 0.4, 0.19, 253740, 6050, 8621.89
50, 0.4, 0.19, 254746, 10925, 8621.89
50, 0.4, 0.19, 255754, 6300, 8621.89
50, 0.4, 0.19, 256764, 6775, 8623.27
50, 0.4, 0.19, 257776, 8775, 8621.89
50, 0.4, 0.19, 258790, 8450, 8621.89
50, 0.4, 0.19, 259806, 8600, 8621.89
50, 0.4, 0.19, 260824, 7050, 8621.89
50, 0.4, 0.19, 261844, 7400, 8623.27
50, 0.4, 0.19, 262866, 7800, 8621.89
50, 0.4, 0.19, 263890, 5375, 8621.89
50, 0.4, 0.19, 264916, 6950, 8621.89
50, 0.4, 0.19, 265944, 7900, 8621.89
50, 0.4, 0.19, 266974, 7900, 8621.89
50, 0.4, 0.19, 268006, 8225, 8621.89
50, 0.4, 0.19, 269040, 5675, 8621.89
50, 0.4, 0.19, 270076, 5150, 8621.89
50, 0.4, 0.19, 271114, 8575, 8621.89
50, 0.4, 0.19, 272154, 7625, 8621.89
50, 0.4, 0.19, 273196, 5175, 8626.74
50, 0.4, 0.19, 274240, 6125, 8621.89
50, 0.4, 0.19, 275286, 8700, 8621.89
50, 0.4, 0.19, 276334, 7975, 8621.89
50, 0.4, 0.19, 277384, 6075, 8621.89
50, 0.4, 0.19, 278436, 6500, 8621.89
50, 0.4, 0.19, 279490, 7525, 8621.89
50, 0.4, 0.19, 280546, 6025, 8621.89
50, 0.4, 0.19, 281604, 4750, 8621.89
50, 0.4, 0.19, 282664, 6050, 8628
50, 0.4, 0.19, 283726, 5675, 8621.89
50, 0.4, 0.19, 284790, 6900, 8621.89
50, 0.4, 0.19, 285856, 9925, 8621.89
50, 0.4, 0.19, 286924, 6650, 8621.89
50, 0.4, 0.19, 287994, 6275, 8626
50, 0.4, 0.19, 289066, 8550, 8621.89
50, 0.4, 0.19, 290140, 7350, 8621.89
50, 0.4, 0.19, 291216, 6725, 8621.89
50, 0.4, 0.19, 292294, 6650, 8621.89
50, 0.4, 0.19, 293374, 11225, 8621.89
50, 0.4, 0.19, 294456, 7350, 8623.41
50, 0.4, 0.19, 295540, 11125, 8621.89
50, 0.4, 0.19, 296626, 5750, 8621.89
50, 0.4, 0.19, 297714, 6075, 8621.89
50, 0.4, 0.19, 298804, 8625, 8621.89
50, 0.4, 0.19, 299896, 7950, 8621.89
50, 0.4, 0.19, 300990, 9200, 8621.89
50, 0.4, 0.19, 302086, 7000, 8623.41
50, 0.4, 0.19, 303184, 8100, 8621.89
50, 0.4, 0.19, 304284, 7625, 8621.89
50, 0.4, 0.19, 305386, 4375, 8623.41
50, 0.4, 0.19, 306490, 6400, 8623.27
50, 0.4, 0.19, 307596, 10100, 8621.89
50, 0.4, 0.19, 308704, 8300, 8621.89
50, 0.4, 0.19, 309814, 6650, 8621.89
50, 0.4, 0.19, 310926, 9475, 8621.89
50, 0.4, 0.19, 312040, 5600, 8621.89
50, 0.4, 0.19, 313156, 6400, 8621.89
50, 0.4, 0.19, 314274, 7425, 8623
50, 0.4, 0.19, 315394, 7075, 8621.89
50, 0.4, 0.19, 316516, 5200, 8623.41
50, 0.4, 0.19, 317640, 7675, 8621.89
50, 0.4, 0.19, 318766, 6400, 8621.89
50, 0.4, 0.19, 319894, 6025, 8621.89
50, 0.4, 0.19, 321024, 8600, 8621.89
50, 0.4, 0.19, 322156, 8850, 8621.89
50, 0.4, 0.19, 323290, 7475, 8621.89
50, 0.4, 0.19, 324426, 6550, 8621.89
50, 0.4, 0.19, 325564, 8100, 8621.89
50, 0.4, 0.19, 326704, 8700, 8621.89
50, 0.4, 0.19, 327846, 8525, 8621.89
50, 0.4, 0.19, 328990, 5875, 8621.89
50, 0.4, 0.19, 330136, 9425, 8621.89
50, 0.4, 0.19, 331284, 5375, 8625.29
50, 0.4, 0.19, 332434, 6675, 8621.89
50, 0.4, 0.19, 333586, 7300, 8621.89
50, 0.4, 0.19, 334740, 8950, 8621.89
50, 0.4, 0.19, 335896, 8075, 8621.89
50, 0.4, 0.19, 337054, 5325, 8621.89
50, 0.4, 0.19, 338214, 7175, 8625.92
50, 0.4, 0.19, 339376, 5825, 8626
50, 0.4, 0.19, 340540, 10225, 8621.89
50, 0.4, 0.19, 341706, 7025, 8621.89
50, 0.4, 0.19, 342874, 8250, 8621.89
50, 0.4, 0.19, 344044, 7500, 8621.89
50, 0.4, 0.19, 345216, 6375, 8621.89
50, 0.4, 0.19, 346390, 4825, 8621.89
50, 0.4, 0.19, 347566, 8275, 8621.89
50, 0.4, 0.19, 348744, 7500, 8624.37
50, 0.4, 0.19, 349924, 5875, 8621.89
50, 0.4, 0.19, 351106, 6025, 8632
50, 0.4, 0.19, 352290, 6850, 8621.89
50, 0.4, 0.19, 353476, 6825, 8621.89
50, 0.4, 0.19, 354664, 7975, 8621.89
50, 0.4, 0.19, 355854, 5925, 8621.89
50, 0.4, 0.19, 357046, 6325, 8621.89
50, 0.4, 0.19, 358240, 5575, 8621.89
50, 0.4, 0.19, 359436, 5875, 8621.89
50, 0.4, 0.19, 360634, 7700, 8621.89
50, 0.4, 0.19, 361834, 8225, 8621.89
50, 0.4, 0.19, 363036, 8025, 8621.89
50, 0.4, 0.19, 364240, 8050, 8621.89
50, 0.4, 0.19, 365446, 10100, 8621.89
50, 0.4, 0.19, 366654, 6200, 8621.89
50, 0.4, 0.19, 367864, 8375, 8621.89
50, 0.4, 0.19, 369076, 5775, 8628
50, 0.4, 0.19, 370290, 8675, 8621.89
50, 0.4, 0.19, 371506, 6525, 8625
50, 0.4, 0.19, 372724, 7425, 8621.89
50, 0.4, 0.19, 373944, 7325, 8621.89
50, 0.4, 0.19, 375166, 8025, 8628
50, 0.4, 0.19, 376390, 7375, 8621.89
50, 0.4, 0.19, 377616, 7450, 8621.89
50, 0.4, 0.19, 378844, 7125, 8621.89
50, 0.4, 0.19, 380074, 7350, 8621.89
50, 0.4, 0.19, 381306, 5825, 8621.89
50, 0.4, 0.19, 382540, 5200, 8625
50, 0.4, 0.19, 383776, 8975, 8621.89
50, 0.4, 0.19, 385014, 6275, 8625.29
50, 0.4, 0.19, 386254, 8600, 8621.89
50, 0.4, 0.19, 387496, 7350, 8621.89
50, 0.4, 0.19, 388740, 4850, 8636.4
50, 0.4, 0.19, 389986, 6375, 8621.89
50, 0.4, 0.19, 391234, 7350, 8621.89
50, 0.4, 0.19, 392484, 9125, 8621.89
50, 0.4, 0.19, 393736, 7425, 8621.89
50, 0.4, 0.19, 394990, 7300, 8621.89
50, 0.4, 0.19, 396246, 6875, 8621.89
50, 0.4, 0.19, 397504, 6800, 8621.89
50, 0.4, 0.19, 398764, 9975, 8621.89
50, 0.4, 0.19, 400026, 5450, 8621.89
50, 0.4, 0.19, 401290, 7575, 8621.89
50, 0.4, 0.19, 402556, 5050, 8626
50, 0.4, 0.19, 403824, 6975, 8621.89
50, 0.4, 0.19, 405094, 5475, 8621.89
50, 0.4, 0.19, 406366, 8900, 8621.89
50, 0.4, 0.19, 407640, 8825, 8621.89
50, 0.4, 0.19, 408916, 7800, 8621.89
50, 0.4, 0.19, 410194, 8125, 8621.89
50, 0.4, 0.19, 411474, 10425, 8621.89
50, 0.4, 0.19, 412756, 7475, 8621.89
50, 0.4, 0.19, 414040, 6375, 8621.89
50, 0.4, 0.19, 415326, 7925, 8621.89
50, 0.4, 0.19, 416614, 7950, 8621.89
50, 0.4, 0.19, 417904, 6850, 8621.89
50, 0.4, 0.19, 419196, 6975, 8625.29
50, 0.4, 0.19, 420490, 7375, 8621.89
50, 0.4, 0.19, 421786, 7250, 8621.89
50, 0.4, 0.19, 423084, 7400, 8621.89
50, 0.4, 0.19, 424384, 5400, 8621.89
50, 0.4, 0.19, 425686, 7525, 8621.89
50, 0.4, 0.19, 426990, 7700, 8621.89
50, 0.4, 0.19, 428296, 6600, 8621.89
50, 0.4, 0.19, 429604, 8850, 8621.89
50, 0.4, 0.19, 430914, 7525, 8621.89
50, 0.4, 0.19, 432226, 7750, 8621.89
50, 0.4, 0.19, 433540, 9000, 8621.89
50, 0.4, 0.19, 434856, 8350, 8621.89
50, 0.4, 0.19, 436174, 6925, 8621.89
50, 0.4, 0.19, 437494, 7100, 8621.89
50, 0.4, 0.19, 438816, 6650, 8621.89
50, 0.4, 0.19, 440140, 7400, 8621.89
50, 0.4, 0.19, 441466, 5650, 8621.89
50, 0.4, 0.19, 442794, 5425, 8625
50, 0.4, 0.19, 444124, 7425, 8621.89
50, 0.4, 0.19, 445456, 7650, 8621.89
50, 0.4, 0.19, 446790, 6825, 8621.89
50, 0.4, 0.19, 448126, 7750, 8623.27
50, 0.4, 0.19, 449464, 6275, 8621.89
50, 0.4, 0.19, 450804, 4575, 8623
50, 0.4, 0.19, 452146, 9825, 8621.89
50, 0.4, 0.19, 453490, 7450, 8621.89
50, 0.4, 0.19, 454836, 10050, 8621.89
50, 0.4, 0.19, 456184, 7475, 8621.89
50, 0.4, 0.19, 457534, 7750, 8621.89
50, 0.4, 0.19, 458886, 8625, 8621.89
50, 0.4, 0.19, 460240, 5825, 8623.41
50, 0.4, 0.19, 461596, 5475, 8621.89
50, 0.4, 0.19, 462954, 7925, 8621.89
50, 0.4, 0.19, 464314, 8400, 8621.89
50, 0.4, 0.19, 465676, 7050, 8621.89
50, 0.4, 0.19, 467040, 5100, 8621.89
50, 0.4, 0.19, 468406, 9475, 8621.89
50, 0.4, 0.19, 469774, 5450, 8621.89
50, 0.4, 0.19, 471144, 7000, 8621.89
50, 0.4, 0.19, 472516, 6325, 8623.41
50, 0.4, 0.19, 473890, 8350, 8621.89
50, 0.4, 0.19, 475266, 7050, 8623.27
50, 0.4, 0.19, 476644, 4850, 8626
50, 0.4, 0.19, 478024, 8450, 8621.89
50, 0.4, 0.19, 479406, 4800, 8621.89
50, 0.4, 0.19, 480790, 6525, 8623.27
50, 0.4, 0.19, 482176, 7375, 8621.89
50, 0.4, 0.19, 483564, 6825, 8621.89
50, 0.4, 0.19, 484954, 10075, 8621.89
50, 0.4, 0.19, 486346, 6775, 8621.89
50, 0.4, 0.19, 487740, 6575, 8621.89
50, 0.4, 0.19, 489136, 6625, 8621.89
50, 0.4, 0.19, 490534, 8650, 8621.89
50, 0.4, 0.19, 491934, 7125, 8621.89
50, 0.4, 0.19, 493336, 7700, 8621.89
50, 0.4, 0.19, 494740, 7950, 8624.3
50, 0.4, 0.19, 496146, 5950, 8623.41
50, 0.4, 0.19, 497554, 6800, 8621.89
50, 0.4, 0.19, 498964, 7475, 8623.27
50, 0.4, 0.19, 500376, 7675, 8621.89
50, 0.4, 0.19, 501790, 5475, 8621.89
50, 0.4, 0.19, 503206, 8650, 8621.89
50, 0.4, 0.19, 504624, 6250, 8621.89
50, 0.4, 0.19, 506044, 7250, 8621.89
50, 0.4, 0.19, 507466, 6175, 8621.89
50, 0.4, 0.19, 508890, 9375, 8621.89
50, 0.4, 0.19, 510316, 4925, 8628
50, 0.4, 0.19, 511744, 8100, 8621.89
50, 0.4, 0.19, 513174, 6950, 8623.41
50, 0.4, 0.19, 514606, 7625, 8621.89
50, 0.4, 0.19, 516040, 7775, 8621.89
50, 0.4, 0.19, 517476, 5875, 8621.89
50, 0.4, 0.19, 518914, 8175, 8621.89
50, 0.4, 0.19, 520354, 5225, 8625
50, 0.4, 0.19, 521796, 7875, 8621.89
50, 0.4, 0.19, 523240, 7175, 8623.41
50, 0.4, 0.19, 524686, 6175, 8628.76
50, 0.4, 0.19, 526134, 6325, 8623
50, 0.4, 0.19, 527584, 6700, 8621.89
50, 0.4, 0.19, 529036, 8425, 8621.89
50, 0.4, 0.19, 530490, 10425, 8621.89
50, 0.4, 0.19, 531946, 10400, 8621.89
50, 0.4, 0.19, 533404, 5025, 8626
50, 0.4, 0.19, 534864, 8125, 8621.89
50, 0.4, 0.19, 536326, 8200, 8621.89
50, 0.4, 0.19, 537790, 7000, 8621.89
50, 0.4, 0.19, 539256, 5850, 8621.89
50, 0.4, 0.19, 540724, 5250, 8621.89
50, 0.4, 0.19, 542194, 9125, 8621.89
50, 0.4, 0.19, 543666, 6900, 8621.89
50, 0.4, 0.19, 545140, 7025, 8621.89
50, 0.4, 0.19, 546616, 5950, 8621.89
50, 0.4, 0.19, 548094, 8825, 8621.89
50, 0.4, 0.19, 549574, 8275, 8621.89
50, 0.4, 0.19, 551056, 6300, 8621.89
50, 0.4, 0.19, 552540, 6225, 8621.89
50, 0.4, 0.19, 554026, 6275, 8621.89
50, 0.4, 0.19, 555514, 5475, 8621.89
50, 0.4, 0.19, 557004, 8425, 8621.89
50, 0.4, 0.19, 558496, 8875, 8621.89
50, 0.4, 0.19, 559990, 6325, 8621.89
50, 0.4, 0.19, 561486, 9875, 8621.89
50, 0.4, 0.19, 562984, 10900, 8621.89
50, 0.4, 0.19, 564484, 6800, 8621.89
50, 0.4, 0.19, 565986, 7200, 8621.89
50, 0.4, 0.19, 567490, 5325, 8625.12
50, 0.4, 0.19, 568996, 5175, 8623.41
50, 0.4, 0.19, 570504, 8050, 8621.89
50, 0.4, 0.19, 572014, 5400, 8621.89
50, 0.4, 0.19, 573526, 6950, 8621.89
50, 0.4, 0.19, 575040, 7325, 8621.89
50, 0.4, 0.19, 576556, 9625, 8621.89
50, 0.4, 0.19, 578074, 7750, 8621.89
50, 0.4, 0.19, 579594, 5775, 8621.89
50, 0.4, 0.19, 581116, 6000, 8621.89
50, 0.4, 0.19, 582640, 4725, 8626.06
50, 0.4, 0.19, 584166, 6325, 8621.89
50, 0.4, 0.19, 585694, 7075, 8621.89
50, 0.4, 0.19, 587224, 6750, 8621.89
50, 0.4, 0.19, 588756, 9300, 8621.89
50, 0.4, 0.19, 590290, 7325, 8621.89
50, 0.4, 0.19, 591826, 7250, 8621.89
50, 0.4, 0.19, 593364, 9000, 8621.89
50, 0.4, 0.19, 594904, 5975, 8621.89
50, 0.4, 0.19, 596446, 7100, 8621.89
50, 0.4, 0.19, 597990, 5725, 8621.89
50, 0.4, 0.19, 599536, 5075, 8639.23
50, 0.4, 0.19, 601084, 6575, 8621.89
50, 0.4, 0.19, 602634, 8100, 8621.89
50, 0.4, 0.19, 604186, 9250, 8621.89
50, 0.4, 0.19, 605740, 5975, 8621.89
50, 0.4, 0.19, 607296, 6425, 8621.89
50, 0.4, 0.19, 608854, 9925, 8621.89
50, 0.4, 0.19, 610414, 9725, 8621.89
50, 0.4, 0.19, 611976, 6250, 8621.89
50, 0.4, 0.19, 613540, 6150, 8629.25
50, 0.4, 0.19, 615106, 5600, 8621.89
50, 0.4, 0.19, 616674, 10075, 8621.89
50, 0.4, 0.19, 618244, 9625, 8621.89
50, 0.4, 0.19, 619816, 10450, 8621.89
50, 0.4, 0.19, 621390, 7575, 8621.89
50, 0.4, 0.19, 622966, 5975, 8623.41
50, 0.4, 0.19, 624544, 9175, 8624.15
50, 0.4, 0.19, 626124, 8175, 8621.89
50, 0.4, 0.19, 627706, 6050, 8621.89
50, 0.4, 0.19, 629290, 7850, 8621.89
50, 0.4, 0.19, 630876, 7050, 8621.89
50, 0.4, 0.19, 632464, 6200, 8623
50, 0.4, 0.19, 634054, 9725, 8621.89
50, 0.4, 0.19, 635646, 8875, 8623.41
50, 0.4, 0.19, 637240, 13050, 8621.89
50, 0.4, 0.19, 638836, 7125, 8621.89
50, 0.4, 0.19, 640434, 6800, 8621.89
50, 0.4, 0.19, 642034, 9175, 8621.89
50, 0.4, 0.19, 643636, 6325, 8621.89
50, 0.4, 0.19, 645240, 8975, 8621.89
50, 0.4, 0.19, 646846, 6025, 8623
50, 0.4, 0.19, 648454, 6725, 8621.89
50, 0.4, 0.19, 650064, 6625, 8621.89
50, 0.4, 0.19, 651676, 8200, 8623
50, 0.4, 0.19, 653290, 8500, 8621.89
50, 0.4, 0.19, 654906, 7625, 8621.89
50, 0.4, 0.19, 656524, 8500, 8621.89
50, 0.4, 0.19, 658144, 6600, 8621.89
50, 0.4, 0.19, 659766, 8600, 8621.89
50, 0.4, 0.19, 661390, 6450, 8621.89
50, 0.4, 0.19, 663016, 5275, 8621.89
50, 0.4, 0.19, 664644, 5500, 8621.89
50, 0.4, 0.19, 666274, 6725, 8621.89
50, 0.4, 0.19, 667906, 5900, 8621.89
50, 0.4, 0.19, 669540, 7250, 8621.89
50, 0.4, 0.19, 671176, 8825, 8621.89
50, 0.4, 0.19, 672814, 7825, 8621.89
50, 0.4, 0.19, 674454, 7250, 8621.89
50, 0.4, 0.19, 676096, 5875, 8626.74
50, 0.4, 0.19, 677740, 5000, 8621.89
50, 0.4, 0.19, 679386, 7400, 8621.89
50, 0.4, 0.19, 681034, 8425, 8621.89
50, 0.4, 0.19, 682684, 8425, 8621.89
50, 0.4, 0.19, 684336, 7200, 8621.89
50, 0.4, 0.19, 685990, 8250, 8621.89
50, 0.4, 0.19, 687646, 5650, 8621.89
50, 0.4, 0.19, 689304, 6475, 8621.89
50, 0.4, 0.19, 690964, 8700, 8621.89
50, 0.4, 0.19, 692626, 6175, 8623.41
50, 0.4, 0.19, 694290, 6425, 8621.89
50, 0.4, 0.19, 695956, 6250, 8621.89
50, 0.4, 0.19, 697624, 6625, 8621.89
50, 0.4, 0.19, 699294, 6175, 8621.89
50, 0.4, 0.19, 700966, 7725, 8621.89
50, 0.4, 0.19, 702640, 7375, 8621.89
50, 0.4, 0.19, 704316, 5225, 8623
50, 0.4, 0.19, 705994, 6575, 8621.89
50, 0.4, 0.19, 707674, 8825, 8621.89
50, 0.4, 0.19, 709356, 5100, 8621.89
50, 0.4, 0.19, 711040, 6825, 8621.89
50, 0.4, 0.19, 712726, 7325, 8623
50, 0.4, 0.19, 714414, 7925, 8623.27
50, 0.4, 0.19, 716104, 7425, 8621.89
50, 0.4, 0.19, 717796, 6425, 8621.89
50, 0.4, 0.19, 719490, 5875, 8621.89
50, 0.4, 0.19, 721186, 6775, 8621.89
50, 0.4, 0.19, 722884, 7550, 8621.89
50, 0.4, 0.19, 724584, 5950, 8621.89
50, 0.4, 0.19, 726286, 6675, 8621.89
50, 0.4, 0.19, 727990, 7500, 8621.89
50, 0.4, 0.19, 729696, 8950, 8621.89
50, 0.4, 0.19, 731404, 6300, 8621.89
50, 0.4, 0.19, 733114, 5750, 8628
50, 0.4, 0.19, 734826, 5775, 8621.89
50, 0.4, 0.19, 736540, 5700, 8621.89
50, 0.4, 0.19, 738256, 9750, 8624.15
50, 0.4, 0.19, 739974, 7575, 8621.89
50, 0.4, 0.19, 741694, 5475, 8621.89
50, 0.4, 0.19, 743416, 6575, 8621.89
50, 0.4, 0.19, 745140, 8075, 8621.89
50, 0.4, 0.19, 746866, 7575, 8621.89
50, 0.4, 0.19, 748594, 7900, 8631.88
50, 0.4, 0.19, 750324, 10825, 8621.89
50, 0.4, 0.19, 752056, 6950, 8621.89
50, 0.4, 0.19, 753790, 4900, 8626
50, 0.4, 0.19, 755526, 6000, 8621.89
50, 0.4, 0.19, 757264, 7675, 8621.89
50, 0.4, 0.19, 759004, 5075, 8623
50, 0.4, 0.19, 760746, 5925, 8623.41
50, 0.4, 0.19, 762490, 4975, 8621.89
50, 0.4, 0.19, 764236, 7700, 8621.89
50, 0.4, 0.19, 765984, 6400, 8621.89
50, 0.4, 0.19, 767734, 7100, 8621.89
50, 0.4, 0.19, 769486, 6775, 8625.92
50, 0.4, 0.19, 771240, 6975, 8621.89
50, 0.4, 0.19, 772996, 7375, 8621.89
50, 0.4, 0.19, 774754, 7450, 8621.89
50, 0.4, 0.19, 776514, 6125, 8623.27
50, 0.4, 0.19, 778276, 6500, 8621.89
50, 0.4, 0.19, 780040, 9275, 8621.89
50, 0.4, 0.19, 781806, 5025, 8621.89
50, 0.4, 0.19, 783574, 7825, 8621.89
50, 0.4, 0.19, 785344, 7525, 8621.89
50, 0.4, 0.19, 787116, 8625, 8621.89
50, 0.4, 0.19, 788890, 6325, 8626.74
50, 0.4, 0.19, 790666, 8725, 8621.89
50, 0.4, 0.19, 792444, 7025, 8621.89
50, 0.4, 0.19, 794224, 7450, 8621.89
50, 0.4, 0.19, 796006, 7575, 8621.89
50, 0.4, 0.19, 797790, 7775, 8621.89
50, 0.4, 0.19, 799576, 5875, 8621.89
50, 0.4, 0.19, 801364, 8625, 8621.89
50, 0.4, 0.19, 803154, 9475, 8621.89
50, 0.4, 0.19, 804946, 8450, 8621.89
50, 0.4, 0.19, 806740, 5600, 8623
50, 0.4, 0.19, 808536, 5925, 8623.41
50, 0.4, 0.19, 810334, 5975, 8621.89
50, 0.4, 0.19, 812134, 5650, 8623.41
50, 0.4, 0.19, 813936, 7325, 8625.12
50, 0.4, 0.19, 815740, 9725, 8621.89
50, 0.4, 0.19, 817546, 7475, 8621.89
50, 0.4, 0.19, 819354, 5425, 8632
50, 0.4, 0.19, 821164, 7000, 8621.89
50, 0.4, 0.19, 822976, 8225, 8621.89
50, 0.4, 0.19, 824790, 9975, 8621.89
50, 0.4, 0.19, 826606, 5250, 8644.3
50, 0.4, 0.19, 828424, 6525, 8621.89
50, 0.4, 0.19, 830244, 8425, 8621.89
50, 0.4, 0.19, 832066, 8200, 8621.89
50, 0.4, 0.19, 833890, 9050, 8621.89
50, 0.4, 0.19, 835716, 6800, 8621.89
50, 0.4, 0.19, 837544, 5100, 8621.89
50, 0.4, 0.19, 839374, 7375, 8621.89
50, 0.4, 0.19, 841206, 5775, 8621.89
50, 0.4, 0.19, 843040, 6775, 8621.89
50, 0.4, 0.19, 844876, 6400, 8621.89
50, 0.4, 0.19, 846714, 7675, 8621.89
50, 0.4, 0.19, 848554, 7875, 8621.89
50, 0.4, 0.19, 850396, 8775, 8621.89
50, 0.4, 0.19, 852240, 9075, 8621.89
50, 0.4, 0.19, 854086, 8400, 8621.89
50, 0.4, 0.19, 855934, 6575, 8621.89
50, 0.4, 0.19, 857784, 6000, 8642.95
50, 0.4, 0.19, 859636, 6500, 8621.89
50, 0.4, 0.19, 861490, 6625, 8621.89
50, 0.4, 0.19, 863346, 6725, 8621.89
50, 0.4, 0.19, 865204, 6525, 8621.89
50, 0.4, 0.19, 867064, 7700, 8621.89
50, 0.4, 0.19, 868926, 7250, 8621.89
50, 0.4, 0.19, 870790, 7400, 8621.89
50, 0.4, 0.19, 872656, 7600, 8621.89
50, 0.4, 0.19, 874524, 6225, 8621.89
50, 0.4, 0.19, 876394, 6525, 8621.89
50, 0.4, 0.19, 878266, 9075, 8621.89
50, 0.4, 0.19, 880140, 10350, 8621.89
50, 0.4, 0.19, 882016, 7475, 8621.89
50, 0.4, 0.19, 883894, 8025, 8621.89
50, 0.4, 0.19, 885774, 7875, 8621.89
50, 0.4, 0.19, 887656, 8175, 8621.89
50, 0.4, 0.19, 889540, 7900, 8621.89
50, 0.4, 0.19, 891426, 7500, 8621.89
50, 0.4, 0.19, 893314, 6300, 8621.89
50, 0.4, 0.19, 895204, 6050, 8621.89
50, 0.4, 0.19, 897096, 5300, 8621.89
50, 0.4, 0.19, 898990, 8575, 8621.89
50, 0.4, 0.19, 900886, 8750, 8621.89
50, 0.4, 0.19, 902784, 7300, 8621.89
50, 0.4, 0.19, 904684, 7425, 8621.89
50, 0.4, 0.19, 906586, 8950, 8621.89
50, 0.4, 0.19, 908490, 6325, 8621.89
50, 0.4, 0.19, 910396, 7350, 8621.89
50, 0.4, 0.19, 912304, 8950, 8621.89
50, 0.4, 0.19, 914214, 9200, 8621.89
50, 0.4, 0.19, 916126, 5700, 8621.89
50, 0.4, 0.19, 918040, 7600, 8621.89
50, 0.4, 0.19, 919956, 6825, 8625
50, 0.4, 0.19, 921874, 8250, 8621.89
50, 0.4, 0.19, 923794, 7750, 8621.89
50, 0.4, 0.19, 925716, 6075, 8623.41
50, 0.4, 0.19, 927640, 7400, 8621.89
50, 0.4, 0.19, 929566, 8550, 8621.89
50, 0.4, 0.19, 931494, 8500, 8621.89
50, 0.4, 0.19, 933424, 6000, 8621.89
50, 0.4, 0.19, 935356, 5850, 8621.89
50, 0.4, 0.19, 937290, 6175, 8621.89
50, 0.4, 0.19, 939226, 6250, 8621.89
50, 0.4, 0.19, 941164, 6850, 8621.89
50, 0.4, 0.19, 943104, 8875, 8621.89
50, 0.4, 0.19, 945046, 7425, 8621.89
50, 0.4, 0.19, 946990, 9075, 8621.89
50, 0.4, 0.19, 948936, 5150, 8621.89
50, 0.4, 0.19, 950884, 7475, 8621.89
50, 0.4, 0.19, 952834, 8925, 8621.89
50, 0.4, 0.19, 954786, 7950, 8621.89
50, 0.4, 0.19, 956740, 8175, 8621.89
50, 0.4, 0.19, 958696, 5775, 8621.89
50, 0.4, 0.19, 960654, 6950, 8621.89
50, 0.4, 0.19, 962614, 8725, 8621.89
50, 0.4, 0.19, 964576, 5300, 8621.89
50, 0.4, 0.19, 966540, 5750, 8623.41
50, 0.4, 0.19, 968506, 8950, 8624.37
50, 0.4, 0.19, 970474, 7475, 8621.89
50, 0.4, 0.19, 972444, 8700, 8628
50, 0.4, 0.19, 974416, 8775, 8621.89
50, 0.4, 0.19, 976390, 7800, 8621.89
50, 0.4, 0.19, 978366, 7575, 8623.27
50, 0.4, 0.19, 980344, 7000, 8621.89
50, 0.4, 0.19, 982324, 8825, 8625
50, 0.4, 0.19, 984306, 7550, 8621.89
50, 0.4, 0.19, 986290, 5300, 8626.61
50, 0.4, 0.19, 988276, 5650, 8621.89
50, 0.4, 0.19, 990264, 7700, 8621.89
50, 0.4, 0.19, 992254, 8875, 8621.89
50, 0.4, 0.19, 994246, 7150, 8621.89
50, 0.4, 0.19, 996240, 8675, 8621.89
50, 0.4, 0.19, 998236, 7850, 8621.89
50, 0.4, 0.19, 1000234, 9200, 8621.89
50, 0.4, 0.19, 1002234, 7425, 8621.89
